datetime,temp,humidity,date,time,date_,time_
2025-03-01T00:00:00,15,54.89,3/1/2025,0:00:00,2025-03-01,00:00:00
2025-03-01T01:00:00,15,58.79,3/1/2025,1:00:00,2025-03-01,01:00:00
2025-03-01T02:00:00,14.1,61.69,3/1/2025,2:00:00,2025-03-01,02:00:00
2025-03-01T03:00:00,14,62.72,3/1/2025,3:00:00,2025-03-01,03:00:00
2025-03-01T04:00:00,14,62.72,3/1/2025,4:00:00,2025-03-01,04:00:00
2025-03-01T05:00:00,14,66.03,3/1/2025,5:00:00,2025-03-01,05:00:00
2025-03-01T06:00:00,13,66.93,3/1/2025,6:00:00,2025-03-01,06:00:00
2025-03-01T07:00:00,14,67.15,3/1/2025,7:00:00,2025-03-01,07:00:00
2025-03-01T08:00:00,14,71.14,3/1/2025,8:00:00,2025-03-01,08:00:00
2025-03-01T09:00:00,15,72.03,3/1/2025,9:00:00,2025-03-01,09:00:00
2025-03-01T10:00:00,17,59.28,3/1/2025,10:00:00,2025-03-01,10:00:00
2025-03-01T11:00:00,17.8,55.98,3/1/2025,11:00:00,2025-03-01,11:00:00
2025-03-01T12:00:00,19,45.63,3/1/2025,12:00:00,2025-03-01,12:00:00
2025-03-01T13:00:00,20,42.88,3/1/2025,13:00:00,2025-03-01,13:00:00
2025-03-01T14:00:00,20.1,40.08,3/1/2025,14:00:00,2025-03-01,14:00:00
2025-03-01T15:00:00,21,40.32,3/1/2025,15:00:00,2025-03-01,15:00:00
2025-03-01T16:00:00,20,40.03,3/1/2025,16:00:00,2025-03-01,16:00:00
2025-03-01T17:00:00,19.1,48.07,3/1/2025,17:00:00,2025-03-01,17:00:00
2025-03-01T18:00:00,19,48.86,3/1/2025,18:00:00,2025-03-01,18:00:00
2025-03-01T19:00:00,18,52.01,3/1/2025,19:00:00,2025-03-01,19:00:00
2025-03-01T20:00:00,17.8,55.61,3/1/2025,20:00:00,2025-03-01,20:00:00
2025-03-01T21:00:00,16,63.17,3/1/2025,21:00:00,2025-03-01,21:00:00
2025-03-01T22:00:00,16,59.04,3/1/2025,22:00:00,2025-03-01,22:00:00
2025-03-01T23:00:00,15,66.23,3/1/2025,23:00:00,2025-03-01,23:00:00
2025-03-02T00:00:00,14,71.85,3/2/2025,0:00:00,2025-03-02,00:00:00
2025-03-02T01:00:00,14,71.85,3/2/2025,1:00:00,2025-03-02,01:00:00
2025-03-02T02:00:00,13.1,74.92,3/2/2025,2:00:00,2025-03-02,02:00:00
2025-03-02T03:00:00,13,71.66,3/2/2025,3:00:00,2025-03-02,03:00:00
2025-03-02T04:00:00,12,76.52,3/2/2025,4:00:00,2025-03-02,04:00:00
2025-03-02T05:00:00,12,77.3,3/2/2025,5:00:00,2025-03-02,05:00:00
2025-03-02T06:00:00,12,76.52,3/2/2025,6:00:00,2025-03-02,06:00:00
2025-03-02T07:00:00,11,81.75,3/2/2025,7:00:00,2025-03-02,07:00:00
2025-03-02T08:00:00,12.9,77.97,3/2/2025,8:00:00,2025-03-02,08:00:00
2025-03-02T09:00:00,15,72.03,3/2/2025,9:00:00,2025-03-02,09:00:00
2025-03-02T10:00:00,16,63.17,3/2/2025,10:00:00,2025-03-02,10:00:00
2025-03-02T11:00:00,17.8,53.21,3/2/2025,11:00:00,2025-03-02,11:00:00
2025-03-02T12:00:00,19,45.63,3/2/2025,12:00:00,2025-03-02,12:00:00
2025-03-02T13:00:00,21,32.75,3/2/2025,13:00:00,2025-03-02,13:00:00
2025-03-02T14:00:00,21.1,32.22,3/2/2025,14:00:00,2025-03-02,14:00:00
2025-03-02T15:00:00,22,30.8,3/2/2025,15:00:00,2025-03-02,15:00:00
2025-03-02T16:00:00,22,33.03,3/2/2025,16:00:00,2025-03-02,16:00:00
2025-03-02T17:00:00,21.8,31.6,3/2/2025,17:00:00,2025-03-02,17:00:00
2025-03-02T18:00:00,20.5,40.17,3/2/2025,18:00:00,2025-03-02,18:00:00
2025-03-02T19:00:00,19,55.91,3/2/2025,19:00:00,2025-03-02,19:00:00
2025-03-02T20:00:00,17.1,58.33,3/2/2025,20:00:00,2025-03-02,20:00:00
2025-03-02T21:00:00,16,59.03,3/2/2025,21:00:00,2025-03-02,21:00:00
2025-03-02T22:00:00,16,59.04,3/2/2025,22:00:00,2025-03-02,22:00:00
2025-03-02T23:00:00,15,67.14,3/2/2025,23:00:00,2025-03-02,23:00:00
2025-03-03T00:00:00,14,76.84,3/3/2025,0:00:00,2025-03-03,00:00:00
2025-03-03T01:00:00,14,76.84,3/3/2025,1:00:00,2025-03-03,01:00:00
2025-03-03T02:00:00,13.8,78.1,3/3/2025,2:00:00,2025-03-03,02:00:00
2025-03-03T03:00:00,13,82.01,3/3/2025,3:00:00,2025-03-03,03:00:00
2025-03-03T04:00:00,13,82.01,3/3/2025,4:00:00,2025-03-03,04:00:00
2025-03-03T05:00:00,12,86.41,3/3/2025,5:00:00,2025-03-03,05:00:00
2025-03-03T06:00:00,12,87.57,3/3/2025,6:00:00,2025-03-03,06:00:00
2025-03-03T07:00:00,11,93.55,3/3/2025,7:00:00,2025-03-03,07:00:00
2025-03-03T08:00:00,13,88.53,3/3/2025,8:00:00,2025-03-03,08:00:00
2025-03-03T09:00:00,14,82.14,3/3/2025,9:00:00,2025-03-03,09:00:00
2025-03-03T10:00:00,16,63.17,3/3/2025,10:00:00,2025-03-03,10:00:00
2025-03-03T11:00:00,18.8,52.21,3/3/2025,11:00:00,2025-03-03,11:00:00
2025-03-03T12:00:00,20,37.35,3/3/2025,12:00:00,2025-03-03,12:00:00
2025-03-03T13:00:00,21,40.32,3/3/2025,13:00:00,2025-03-03,13:00:00
2025-03-03T14:00:00,21.8,40.82,3/3/2025,14:00:00,2025-03-03,14:00:00
2025-03-03T15:00:00,22,43.45,3/3/2025,15:00:00,2025-03-03,15:00:00
2025-03-03T16:00:00,21,46.19,3/3/2025,16:00:00,2025-03-03,16:00:00
2025-03-03T17:00:00,20.9,43.58,3/3/2025,17:00:00,2025-03-03,17:00:00
2025-03-03T18:00:00,20,56.16,3/3/2025,18:00:00,2025-03-03,18:00:00
2025-03-03T19:00:00,18,59.52,3/3/2025,19:00:00,2025-03-03,19:00:00
2025-03-03T20:00:00,17,64.68,3/3/2025,20:00:00,2025-03-03,20:00:00
2025-03-03T21:00:00,17,67.77,3/3/2025,21:00:00,2025-03-03,21:00:00
2025-03-03T22:00:00,16,72.22,3/3/2025,22:00:00,2025-03-03,22:00:00
2025-03-03T23:00:00,15.8,76.87,3/3/2025,23:00:00,2025-03-03,23:00:00
2025-03-04T00:00:00,15,82.26,3/4/2025,0:00:00,2025-03-04,00:00:00
2025-03-04T01:00:00,15,77,3/4/2025,1:00:00,2025-03-04,01:00:00
2025-03-04T02:00:00,14,82.14,3/4/2025,2:00:00,2025-03-04,02:00:00
2025-03-04T03:00:00,14,82.14,3/4/2025,3:00:00,2025-03-04,03:00:00
2025-03-04T04:00:00,14,82.14,3/4/2025,4:00:00,2025-03-04,04:00:00
2025-03-04T05:00:00,13.8,82.11,3/4/2025,5:00:00,2025-03-04,05:00:00
2025-03-04T06:00:00,13,82.01,3/4/2025,6:00:00,2025-03-04,06:00:00
2025-03-04T07:00:00,13,87.66,3/4/2025,7:00:00,2025-03-04,07:00:00
2025-03-04T08:00:00,14.8,77.48,3/4/2025,8:00:00,2025-03-04,08:00:00
2025-03-04T09:00:00,17,63.4,3/4/2025,9:00:00,2025-03-04,09:00:00
2025-03-04T10:00:00,18,52.01,3/4/2025,10:00:00,2025-03-04,10:00:00
2025-03-04T11:00:00,18.1,41.63,3/4/2025,11:00:00,2025-03-04,11:00:00
2025-03-04T12:00:00,19,42.6,3/4/2025,12:00:00,2025-03-04,12:00:00
2025-03-04T13:00:00,20,42.88,3/4/2025,13:00:00,2025-03-04,13:00:00
2025-03-04T14:00:00,20,45.15,3/4/2025,14:00:00,2025-03-04,14:00:00
2025-03-04T15:00:00,19,48.86,3/4/2025,15:00:00,2025-03-04,15:00:00
2025-03-04T16:00:00,19,45.63,3/4/2025,16:00:00,2025-03-04,16:00:00
2025-03-04T17:00:00,18.8,45.42,3/4/2025,17:00:00,2025-03-04,17:00:00
2025-03-04T18:00:00,18,48.58,3/4/2025,18:00:00,2025-03-04,18:00:00
2025-03-04T19:00:00,17,55.4,3/4/2025,19:00:00,2025-03-04,19:00:00
2025-03-04T20:00:00,16.9,59.66,3/4/2025,20:00:00,2025-03-04,20:00:00
2025-03-04T21:00:00,16,63.17,3/4/2025,21:00:00,2025-03-04,21:00:00
2025-03-04T22:00:00,16,63.17,3/4/2025,22:00:00,2025-03-04,22:00:00
2025-03-04T23:00:00,15,66.69,3/4/2025,23:00:00,2025-03-04,23:00:00
2025-03-05T00:00:00,15,67.36,3/5/2025,0:00:00,2025-03-05,00:00:00
2025-03-05T01:00:00,15,72.03,3/5/2025,1:00:00,2025-03-05,01:00:00
2025-03-05T02:00:00,13.9,76.31,3/5/2025,2:00:00,2025-03-05,02:00:00
2025-03-05T03:00:00,13,82.01,3/5/2025,3:00:00,2025-03-05,03:00:00
2025-03-05T04:00:00,13,82.01,3/5/2025,4:00:00,2025-03-05,04:00:00
2025-03-05T05:00:00,13,82.83,3/5/2025,5:00:00,2025-03-05,05:00:00
2025-03-05T06:00:00,13,87.66,3/5/2025,6:00:00,2025-03-05,06:00:00
2025-03-05T07:00:00,13,87.66,3/5/2025,7:00:00,2025-03-05,07:00:00
2025-03-05T08:00:00,13.9,82.94,3/5/2025,8:00:00,2025-03-05,08:00:00
2025-03-05T09:00:00,15,77,3/5/2025,9:00:00,2025-03-05,09:00:00
2025-03-05T10:00:00,17,67.77,3/5/2025,10:00:00,2025-03-05,10:00:00
2025-03-05T11:00:00,17.8,60.48,3/5/2025,11:00:00,2025-03-05,11:00:00
2025-03-05T12:00:00,19,52.28,3/5/2025,12:00:00,2025-03-05,12:00:00
2025-03-05T13:00:00,20,49.13,3/5/2025,13:00:00,2025-03-05,13:00:00
2025-03-05T14:00:00,20.1,44.88,3/5/2025,14:00:00,2025-03-05,14:00:00
2025-03-05T15:00:00,20,40.03,3/5/2025,15:00:00,2025-03-05,15:00:00
2025-03-05T16:00:00,20,42.88,3/5/2025,16:00:00,2025-03-05,16:00:00
2025-03-05T17:00:00,18.9,56.45,3/5/2025,17:00:00,2025-03-05,17:00:00
2025-03-05T18:00:00,18,59.52,3/5/2025,18:00:00,2025-03-05,18:00:00
2025-03-05T19:00:00,18,59.52,3/5/2025,19:00:00,2025-03-05,19:00:00
2025-03-05T20:00:00,16.9,67.3,3/5/2025,20:00:00,2025-03-05,20:00:00
2025-03-05T21:00:00,16,72.22,3/5/2025,21:00:00,2025-03-05,21:00:00
2025-03-05T22:00:00,16,72.22,3/5/2025,22:00:00,2025-03-05,22:00:00
2025-03-05T23:00:00,15,72.76,3/5/2025,23:00:00,2025-03-05,23:00:00
2025-03-06T00:00:00,15,72.03,3/6/2025,0:00:00,2025-03-06,00:00:00
2025-03-06T01:00:00,15,77,3/6/2025,1:00:00,2025-03-06,01:00:00
2025-03-06T02:00:00,14.8,78.77,3/6/2025,2:00:00,2025-03-06,02:00:00
2025-03-06T03:00:00,14,82.14,3/6/2025,3:00:00,2025-03-06,03:00:00
2025-03-06T04:00:00,14,82.14,3/6/2025,4:00:00,2025-03-06,04:00:00
2025-03-06T05:00:00,13.8,87.73,3/6/2025,5:00:00,2025-03-06,05:00:00
2025-03-06T06:00:00,14,87.75,3/6/2025,6:00:00,2025-03-06,06:00:00
2025-03-06T07:00:00,14,87.75,3/6/2025,7:00:00,2025-03-06,07:00:00
2025-03-06T08:00:00,14,94.31,3/6/2025,8:00:00,2025-03-06,08:00:00
2025-03-06T09:00:00,14,93.7,3/6/2025,9:00:00,2025-03-06,09:00:00
2025-03-06T10:00:00,16,87.93,3/6/2025,10:00:00,2025-03-06,10:00:00
2025-03-06T11:00:00,18.1,66.9,3/6/2025,11:00:00,2025-03-06,11:00:00
2025-03-06T12:00:00,19,55.91,3/6/2025,12:00:00,2025-03-06,12:00:00
2025-03-06T13:00:00,21,49.4,3/6/2025,13:00:00,2025-03-06,13:00:00
2025-03-06T14:00:00,21,49.41,3/6/2025,14:00:00,2025-03-06,14:00:00
2025-03-06T15:00:00,21,46.19,3/6/2025,15:00:00,2025-03-06,15:00:00
2025-03-06T16:00:00,20,52.54,3/6/2025,16:00:00,2025-03-06,16:00:00
2025-03-06T17:00:00,19,59.77,3/6/2025,17:00:00,2025-03-06,17:00:00
2025-03-06T18:00:00,19,59.76,3/6/2025,18:00:00,2025-03-06,18:00:00
2025-03-06T19:00:00,18,63.62,3/6/2025,19:00:00,2025-03-06,19:00:00
2025-03-06T20:00:00,16.9,68.88,3/6/2025,20:00:00,2025-03-06,20:00:00
2025-03-06T21:00:00,16,77.16,3/6/2025,21:00:00,2025-03-06,21:00:00
2025-03-06T22:00:00,16,77.16,3/6/2025,22:00:00,2025-03-06,22:00:00
2025-03-06T23:00:00,15.1,81.47,3/6/2025,23:00:00,2025-03-06,23:00:00
2025-03-07T00:00:00,15,82.26,3/7/2025,0:00:00,2025-03-07,00:00:00
2025-03-07T01:00:00,14,87.75,3/7/2025,1:00:00,2025-03-07,01:00:00
2025-03-07T02:00:00,14,86.89,3/7/2025,2:00:00,2025-03-07,02:00:00
2025-03-07T03:00:00,14,87.75,3/7/2025,3:00:00,2025-03-07,03:00:00
2025-03-07T04:00:00,13,93.65,3/7/2025,4:00:00,2025-03-07,04:00:00
2025-03-07T05:00:00,13,92.73,3/7/2025,5:00:00,2025-03-07,05:00:00
2025-03-07T06:00:00,13,93.65,3/7/2025,6:00:00,2025-03-07,06:00:00
2025-03-07T07:00:00,13,93.65,3/7/2025,7:00:00,2025-03-07,07:00:00
2025-03-07T08:00:00,13,98.38,3/7/2025,8:00:00,2025-03-07,08:00:00
2025-03-07T09:00:00,14,100,3/7/2025,9:00:00,2025-03-07,09:00:00
2025-03-07T10:00:00,16,87.93,3/7/2025,10:00:00,2025-03-07,10:00:00
2025-03-07T11:00:00,17.9,64.24,3/7/2025,11:00:00,2025-03-07,11:00:00
2025-03-07T12:00:00,19,55.91,3/7/2025,12:00:00,2025-03-07,12:00:00
2025-03-07T13:00:00,20,49.13,3/7/2025,13:00:00,2025-03-07,13:00:00
2025-03-07T14:00:00,20,48.16,3/7/2025,14:00:00,2025-03-07,14:00:00
2025-03-07T15:00:00,21,46.19,3/7/2025,15:00:00,2025-03-07,15:00:00
2025-03-07T16:00:00,21,40.32,3/7/2025,16:00:00,2025-03-07,16:00:00
2025-03-07T17:00:00,20.9,46.16,3/7/2025,17:00:00,2025-03-07,17:00:00
2025-03-07T18:00:00,20,52.54,3/7/2025,18:00:00,2025-03-07,18:00:00
2025-03-07T19:00:00,20,52.54,3/7/2025,19:00:00,2025-03-07,19:00:00
2025-03-07T20:00:00,18.8,53.11,3/7/2025,20:00:00,2025-03-07,20:00:00
2025-03-07T21:00:00,18,59.52,3/7/2025,21:00:00,2025-03-07,21:00:00
2025-03-07T22:00:00,17,63.4,3/7/2025,22:00:00,2025-03-07,22:00:00
2025-03-07T23:00:00,16.9,68.43,3/7/2025,23:00:00,2025-03-07,23:00:00
2025-03-08T00:00:00,16,77.16,3/8/2025,0:00:00,2025-03-08,00:00:00
2025-03-08T01:00:00,16,82.39,3/8/2025,1:00:00,2025-03-08,01:00:00
2025-03-08T02:00:00,15.1,92.25,3/8/2025,2:00:00,2025-03-08,02:00:00
2025-03-08T03:00:00,15,93.75,3/8/2025,3:00:00,2025-03-08,03:00:00
2025-03-08T04:00:00,15,93.75,3/8/2025,4:00:00,2025-03-08,04:00:00
2025-03-08T05:00:00,14.1,92.19,3/8/2025,5:00:00,2025-03-08,05:00:00
2025-03-08T06:00:00,14,93.7,3/8/2025,6:00:00,2025-03-08,06:00:00
2025-03-08T07:00:00,15,87.84,3/8/2025,7:00:00,2025-03-08,07:00:00
2025-03-08T08:00:00,15,88.42,3/8/2025,8:00:00,2025-03-08,08:00:00
2025-03-08T09:00:00,15,87.84,3/8/2025,9:00:00,2025-03-08,09:00:00
2025-03-08T10:00:00,17,77.31,3/8/2025,10:00:00,2025-03-08,10:00:00
2025-03-08T11:00:00,17,76.07,3/8/2025,11:00:00,2025-03-08,11:00:00
2025-03-08T12:00:00,18,63.62,3/8/2025,12:00:00,2025-03-08,12:00:00
2025-03-08T13:00:00,20,52.54,3/8/2025,13:00:00,2025-03-08,13:00:00
2025-03-08T14:00:00,21,43.18,3/8/2025,14:00:00,2025-03-08,14:00:00
2025-03-08T15:00:00,21,40.32,3/8/2025,15:00:00,2025-03-08,15:00:00
2025-03-08T16:00:00,22,35.4,3/8/2025,16:00:00,2025-03-08,16:00:00
2025-03-08T17:00:00,21.9,35.74,3/8/2025,17:00:00,2025-03-08,17:00:00
2025-03-08T18:00:00,21,43.17,3/8/2025,18:00:00,2025-03-08,18:00:00
2025-03-08T19:00:00,21,46.19,3/8/2025,19:00:00,2025-03-08,19:00:00
2025-03-08T20:00:00,20.9,51.38,3/8/2025,20:00:00,2025-03-08,20:00:00
2025-03-08T21:00:00,19,55.91,3/8/2025,21:00:00,2025-03-08,21:00:00
2025-03-08T22:00:00,18,63.62,3/8/2025,22:00:00,2025-03-08,22:00:00
2025-03-08T23:00:00,18,62.79,3/8/2025,23:00:00,2025-03-08,23:00:00
2025-03-09T00:00:00,18,63.62,3/9/2025,0:00:00,2025-03-09,00:00:00
2025-03-09T01:00:00,17,72.4,3/9/2025,1:00:00,2025-03-09,01:00:00
2025-03-09T02:00:00,16.8,73.07,3/9/2025,2:00:00,2025-03-09,02:00:00
2025-03-09T03:00:00,16,77.16,3/9/2025,3:00:00,2025-03-09,03:00:00
2025-03-09T04:00:00,16,77.16,3/9/2025,4:00:00,2025-03-09,04:00:00
2025-03-09T05:00:00,15,81.46,3/9/2025,5:00:00,2025-03-09,05:00:00
2025-03-09T06:00:00,15,82.26,3/9/2025,6:00:00,2025-03-09,06:00:00
2025-03-09T07:00:00,15,82.26,3/9/2025,7:00:00,2025-03-09,07:00:00
2025-03-09T08:00:00,16.1,85.97,3/9/2025,8:00:00,2025-03-09,08:00:00
2025-03-09T09:00:00,17,77.31,3/9/2025,9:00:00,2025-03-09,09:00:00
2025-03-09T10:00:00,18,55.66,3/9/2025,10:00:00,2025-03-09,10:00:00
2025-03-09T11:00:00,20.8,35.05,3/9/2025,11:00:00,2025-03-09,11:00:00
2025-03-09T12:00:00,22,33.03,3/9/2025,12:00:00,2025-03-09,12:00:00
2025-03-09T13:00:00,22,30.8,3/9/2025,13:00:00,2025-03-09,13:00:00
2025-03-09T14:00:00,22.9,26.99,3/9/2025,14:00:00,2025-03-09,14:00:00
2025-03-09T15:00:00,23,21.79,3/9/2025,15:00:00,2025-03-09,15:00:00
2025-03-09T16:00:00,23,27.01,3/9/2025,16:00:00,2025-03-09,16:00:00
2025-03-09T17:00:00,22.8,29.44,3/9/2025,17:00:00,2025-03-09,17:00:00
2025-03-09T18:00:00,22,30.8,3/9/2025,18:00:00,2025-03-09,18:00:00
2025-03-09T19:00:00,21,35.12,3/9/2025,19:00:00,2025-03-09,19:00:00
2025-03-09T20:00:00,20.1,42.63,3/9/2025,20:00:00,2025-03-09,20:00:00
2025-03-09T21:00:00,19,45.63,3/9/2025,21:00:00,2025-03-09,21:00:00
2025-03-09T22:00:00,18,48.58,3/9/2025,22:00:00,2025-03-09,22:00:00
2025-03-09T23:00:00,17.8,52.12,3/9/2025,23:00:00,2025-03-09,23:00:00
2025-03-10T00:00:00,17,51.75,3/10/2025,0:00:00,2025-03-10,00:00:00
2025-03-10T01:00:00,17,48.31,3/10/2025,1:00:00,2025-03-10,01:00:00
2025-03-10T02:00:00,17,42.04,3/10/2025,2:00:00,2025-03-10,02:00:00
2025-03-10T03:00:00,17,42.03,3/10/2025,3:00:00,2025-03-10,03:00:00
2025-03-10T04:00:00,16,44.79,3/10/2025,4:00:00,2025-03-10,04:00:00
2025-03-10T05:00:00,16,44.33,3/10/2025,5:00:00,2025-03-10,05:00:00
2025-03-10T06:00:00,16,41.74,3/10/2025,6:00:00,2025-03-10,06:00:00
2025-03-10T07:00:00,16,41.74,3/10/2025,7:00:00,2025-03-10,07:00:00
2025-03-10T08:00:00,18.8,32.11,3/10/2025,8:00:00,2025-03-10,08:00:00
2025-03-10T09:00:00,22,24.89,3/10/2025,9:00:00,2025-03-10,09:00:00
2025-03-10T10:00:00,22,24.89,3/10/2025,10:00:00,2025-03-10,10:00:00
2025-03-10T11:00:00,23.8,23.8,3/10/2025,11:00:00,2025-03-10,11:00:00
2025-03-10T12:00:00,24,22.86,3/10/2025,12:00:00,2025-03-10,12:00:00
2025-03-10T13:00:00,25,23.96,3/10/2025,13:00:00,2025-03-10,13:00:00
2025-03-10T14:00:00,24.9,24.36,3/10/2025,14:00:00,2025-03-10,14:00:00
2025-03-10T15:00:00,24,29.27,3/10/2025,15:00:00,2025-03-10,15:00:00
2025-03-10T16:00:00,24,29.27,3/10/2025,16:00:00,2025-03-10,16:00:00
2025-03-10T17:00:00,23.9,31.67,3/10/2025,17:00:00,2025-03-10,17:00:00
2025-03-10T18:00:00,23,35.69,3/10/2025,18:00:00,2025-03-10,18:00:00
2025-03-10T19:00:00,22,40.6,3/10/2025,19:00:00,2025-03-10,19:00:00
2025-03-10T20:00:00,21.8,42.23,3/10/2025,20:00:00,2025-03-10,20:00:00
2025-03-10T21:00:00,20,52.54,3/10/2025,21:00:00,2025-03-10,21:00:00
2025-03-10T22:00:00,19,52.28,3/10/2025,22:00:00,2025-03-10,22:00:00
2025-03-10T23:00:00,18.8,46.68,3/10/2025,23:00:00,2025-03-10,23:00:00
2025-03-11T00:00:00,18,48.58,3/11/2025,0:00:00,2025-03-11,00:00:00
2025-03-11T01:00:00,17,51.75,3/11/2025,1:00:00,2025-03-11,01:00:00
2025-03-11T02:00:00,16.8,55.16,3/11/2025,2:00:00,2025-03-11,02:00:00
2025-03-11T03:00:00,16,55.14,3/11/2025,3:00:00,2025-03-11,03:00:00
2025-03-11T04:00:00,16,55.14,3/11/2025,4:00:00,2025-03-11,04:00:00
2025-03-11T05:00:00,14.9,62.29,3/11/2025,5:00:00,2025-03-11,05:00:00
2025-03-11T06:00:00,14,62.72,3/11/2025,6:00:00,2025-03-11,06:00:00
2025-03-11T07:00:00,15,58.79,3/11/2025,7:00:00,2025-03-11,07:00:00
2025-03-11T08:00:00,17,45.08,3/11/2025,8:00:00,2025-03-11,08:00:00
2025-03-11T09:00:00,20,37.35,3/11/2025,9:00:00,2025-03-11,09:00:00
2025-03-11T10:00:00,21,28.42,3/11/2025,10:00:00,2025-03-11,10:00:00
2025-03-11T11:00:00,22,26.75,3/11/2025,11:00:00,2025-03-11,11:00:00
2025-03-11T12:00:00,24,22.05,3/11/2025,12:00:00,2025-03-11,12:00:00
2025-03-11T13:00:00,25,19.32,3/11/2025,13:00:00,2025-03-11,13:00:00
2025-03-11T14:00:00,24.9,19.65,3/11/2025,14:00:00,2025-03-11,14:00:00
2025-03-11T15:00:00,26,24.22,3/11/2025,15:00:00,2025-03-11,15:00:00
2025-03-11T16:00:00,25,29.55,3/11/2025,16:00:00,2025-03-11,16:00:00
2025-03-11T17:00:00,24,38.12,3/11/2025,17:00:00,2025-03-11,17:00:00
2025-03-11T18:00:00,23,43.73,3/11/2025,18:00:00,2025-03-11,18:00:00
2025-03-11T19:00:00,22,49.67,3/11/2025,19:00:00,2025-03-11,19:00:00
2025-03-11T20:00:00,20.1,58.48,3/11/2025,20:00:00,2025-03-11,20:00:00
2025-03-11T21:00:00,19,63.85,3/11/2025,21:00:00,2025-03-11,21:00:00
2025-03-11T22:00:00,18,72.58,3/11/2025,22:00:00,2025-03-11,22:00:00
2025-03-11T23:00:00,17,76.81,3/11/2025,23:00:00,2025-03-11,23:00:00
2025-03-12T00:00:00,16,82.39,3/12/2025,0:00:00,2025-03-12,00:00:00
2025-03-12T01:00:00,16,82.39,3/12/2025,1:00:00,2025-03-12,01:00:00
2025-03-12T02:00:00,15.8,87.91,3/12/2025,2:00:00,2025-03-12,02:00:00
2025-03-12T03:00:00,15,93.75,3/12/2025,3:00:00,2025-03-12,03:00:00
2025-03-12T04:00:00,15,93.75,3/12/2025,4:00:00,2025-03-12,04:00:00
2025-03-12T05:00:00,14.8,94.04,3/12/2025,5:00:00,2025-03-12,05:00:00
2025-03-12T06:00:00,14,100,3/12/2025,6:00:00,2025-03-12,06:00:00
2025-03-12T07:00:00,15,100,3/12/2025,7:00:00,2025-03-12,07:00:00
2025-03-12T08:00:00,15.1,99.36,3/12/2025,8:00:00,2025-03-12,08:00:00
2025-03-12T09:00:00,17,88.01,3/12/2025,9:00:00,2025-03-12,09:00:00
2025-03-12T10:00:00,20,68.38,3/12/2025,10:00:00,2025-03-12,10:00:00
2025-03-12T11:00:00,21.9,52.52,3/12/2025,11:00:00,2025-03-12,11:00:00
2025-03-12T12:00:00,24,41.17,3/12/2025,12:00:00,2025-03-12,12:00:00
2025-03-12T13:00:00,25,38.78,3/12/2025,13:00:00,2025-03-12,13:00:00
2025-03-12T14:00:00,26.1,36.22,3/12/2025,14:00:00,2025-03-12,14:00:00
2025-03-12T15:00:00,27,30.1,3/12/2025,15:00:00,2025-03-12,15:00:00
2025-03-12T16:00:00,28,24.76,3/12/2025,16:00:00,2025-03-12,16:00:00
2025-03-12T17:00:00,26.1,44.6,3/12/2025,17:00:00,2025-03-12,17:00:00
2025-03-12T18:00:00,24,57.15,3/12/2025,18:00:00,2025-03-12,18:00:00
2025-03-12T19:00:00,23,60.7,3/12/2025,19:00:00,2025-03-12,19:00:00
2025-03-12T20:00:00,21.8,68.52,3/12/2025,20:00:00,2025-03-12,20:00:00
2025-03-12T21:00:00,20,72.94,3/12/2025,21:00:00,2025-03-12,21:00:00
2025-03-12T22:00:00,20,72.94,3/12/2025,22:00:00,2025-03-12,22:00:00
2025-03-12T23:00:00,19,77.61,3/12/2025,23:00:00,2025-03-12,23:00:00
2025-03-13T00:00:00,18,82.63,3/13/2025,0:00:00,2025-03-13,00:00:00
2025-03-13T01:00:00,18,82.63,3/13/2025,1:00:00,2025-03-13,01:00:00
2025-03-13T02:00:00,17,82.52,3/13/2025,2:00:00,2025-03-13,02:00:00
2025-03-13T03:00:00,17,77.31,3/13/2025,3:00:00,2025-03-13,03:00:00
2025-03-13T04:00:00,17,72.4,3/13/2025,4:00:00,2025-03-13,04:00:00
2025-03-13T05:00:00,16.8,68.86,3/13/2025,5:00:00,2025-03-13,05:00:00
2025-03-13T06:00:00,16,72.22,3/13/2025,6:00:00,2025-03-13,06:00:00
2025-03-13T07:00:00,17,67.77,3/13/2025,7:00:00,2025-03-13,07:00:00
2025-03-13T08:00:00,19.8,57.04,3/13/2025,8:00:00,2025-03-13,08:00:00
2025-03-13T09:00:00,21,52.8,3/13/2025,9:00:00,2025-03-13,09:00:00
2025-03-13T10:00:00,24,47.01,3/13/2025,10:00:00,2025-03-13,10:00:00
2025-03-13T11:00:00,27,34.22,3/13/2025,11:00:00,2025-03-13,11:00:00
2025-03-13T12:00:00,28,24.76,3/13/2025,12:00:00,2025-03-13,12:00:00
2025-03-13T13:00:00,30,19.18,3/13/2025,13:00:00,2025-03-13,13:00:00
2025-03-13T14:00:00,29.8,19.13,3/13/2025,14:00:00,2025-03-13,14:00:00
2025-03-13T15:00:00,30,19.18,3/13/2025,15:00:00,2025-03-13,15:00:00
2025-03-13T16:00:00,30,19.18,3/13/2025,16:00:00,2025-03-13,16:00:00
2025-03-13T17:00:00,29,21.96,3/13/2025,17:00:00,2025-03-13,17:00:00
2025-03-13T18:00:00,29,21.79,3/13/2025,18:00:00,2025-03-13,18:00:00
2025-03-13T19:00:00,27,30.1,3/13/2025,19:00:00,2025-03-13,19:00:00
2025-03-13T20:00:00,25.9,39.03,3/13/2025,20:00:00,2025-03-13,20:00:00
2025-03-13T21:00:00,25,41.45,3/13/2025,21:00:00,2025-03-13,21:00:00
2025-03-13T22:00:00,24,41.17,3/13/2025,22:00:00,2025-03-13,22:00:00
2025-03-13T23:00:00,23.1,38.25,3/13/2025,23:00:00,2025-03-13,23:00:00
2025-03-14T00:00:00,22,40.6,3/14/2025,0:00:00,2025-03-14,00:00:00
2025-03-14T01:00:00,22,40.6,3/14/2025,1:00:00,2025-03-14,01:00:00
2025-03-14T02:00:00,20.8,46.13,3/14/2025,2:00:00,2025-03-14,02:00:00
2025-03-14T03:00:00,20,45.91,3/14/2025,3:00:00,2025-03-14,03:00:00
2025-03-14T04:00:00,20,40.03,3/14/2025,4:00:00,2025-03-14,04:00:00
2025-03-14T05:00:00,19.1,37.11,3/14/2025,5:00:00,2025-03-14,05:00:00
2025-03-14T06:00:00,19,37.06,3/14/2025,6:00:00,2025-03-14,06:00:00
2025-03-14T07:00:00,19,37.06,3/14/2025,7:00:00,2025-03-14,07:00:00
2025-03-14T08:00:00,21,36.88,3/14/2025,8:00:00,2025-03-14,08:00:00
2025-03-14T09:00:00,23,33.32,3/14/2025,9:00:00,2025-03-14,09:00:00
2025-03-14T10:00:00,26,25.98,3/14/2025,10:00:00,2025-03-14,10:00:00
2025-03-14T11:00:00,28.9,17.43,3/14/2025,11:00:00,2025-03-14,11:00:00
2025-03-14T12:00:00,29,17.64,3/14/2025,12:00:00,2025-03-14,12:00:00
2025-03-14T13:00:00,30,17.88,3/14/2025,13:00:00,2025-03-14,13:00:00
2025-03-14T14:00:00,30.9,16.86,3/14/2025,14:00:00,2025-03-14,14:00:00
2025-03-14T15:00:00,30,16.65,3/14/2025,15:00:00,2025-03-14,15:00:00
2025-03-14T16:00:00,30,16.65,3/14/2025,16:00:00,2025-03-14,16:00:00
2025-03-14T17:00:00,29.8,18.99,3/14/2025,17:00:00,2025-03-14,17:00:00
2025-03-14T18:00:00,28,21.54,3/14/2025,18:00:00,2025-03-14,18:00:00
2025-03-14T19:00:00,27,32.21,3/14/2025,19:00:00,2025-03-14,19:00:00
2025-03-14T20:00:00,25.1,36.06,3/14/2025,20:00:00,2025-03-14,20:00:00
2025-03-14T21:00:00,24,47.01,3/14/2025,21:00:00,2025-03-14,21:00:00
2025-03-14T22:00:00,23,43.73,3/14/2025,22:00:00,2025-03-14,22:00:00
2025-03-14T23:00:00,21.8,47.19,3/14/2025,23:00:00,2025-03-14,23:00:00
2025-03-15T00:00:00,21,49.4,3/15/2025,0:00:00,2025-03-15,00:00:00
2025-03-15T01:00:00,20,56.16,3/15/2025,1:00:00,2025-03-15,01:00:00
2025-03-15T02:00:00,19.8,64.02,3/15/2025,2:00:00,2025-03-15,02:00:00
2025-03-15T03:00:00,19,68.18,3/15/2025,3:00:00,2025-03-15,03:00:00
2025-03-15T04:00:00,18,72.58,3/15/2025,4:00:00,2025-03-15,04:00:00
2025-03-15T05:00:00,17.8,68.38,3/15/2025,5:00:00,2025-03-15,05:00:00
2025-03-15T06:00:00,18,72.58,3/15/2025,6:00:00,2025-03-15,06:00:00
2025-03-15T07:00:00,18,77.46,3/15/2025,7:00:00,2025-03-15,07:00:00
2025-03-15T08:00:00,18.9,73.45,3/15/2025,8:00:00,2025-03-15,08:00:00
2025-03-15T09:00:00,22,56.66,3/15/2025,9:00:00,2025-03-15,09:00:00
2025-03-15T10:00:00,24,41.17,3/15/2025,10:00:00,2025-03-15,10:00:00
2025-03-15T11:00:00,26.8,28.06,3/15/2025,11:00:00,2025-03-15,11:00:00
2025-03-15T12:00:00,28,24.76,3/15/2025,12:00:00,2025-03-15,12:00:00
2025-03-15T13:00:00,29,25.02,3/15/2025,13:00:00,2025-03-15,13:00:00
2025-03-15T14:00:00,29.8,25.15,3/15/2025,14:00:00,2025-03-15,14:00:00
2025-03-15T15:00:00,30,28.94,3/15/2025,15:00:00,2025-03-15,15:00:00
2025-03-15T16:00:00,29,28.66,3/15/2025,16:00:00,2025-03-15,16:00:00
2025-03-15T17:00:00,28,26.71,3/15/2025,17:00:00,2025-03-15,17:00:00
2025-03-15T18:00:00,27,30.1,3/15/2025,18:00:00,2025-03-15,18:00:00
2025-03-15T19:00:00,26,31.93,3/15/2025,19:00:00,2025-03-15,19:00:00
2025-03-15T20:00:00,24,40.5,3/15/2025,20:00:00,2025-03-15,20:00:00
2025-03-15T21:00:00,23,46.74,3/15/2025,21:00:00,2025-03-15,21:00:00
2025-03-15T22:00:00,22,53.06,3/15/2025,22:00:00,2025-03-15,22:00:00
2025-03-15T23:00:00,20.8,57.67,3/15/2025,23:00:00,2025-03-15,23:00:00
2025-03-16T00:00:00,20,64.07,3/16/2025,0:00:00,2025-03-16,00:00:00
2025-03-16T01:00:00,20,64.07,3/16/2025,1:00:00,2025-03-16,01:00:00
2025-03-16T02:00:00,19.1,71.16,3/16/2025,2:00:00,2025-03-16,02:00:00
2025-03-16T03:00:00,19,72.76,3/16/2025,3:00:00,2025-03-16,03:00:00
2025-03-16T04:00:00,18,82.63,3/16/2025,4:00:00,2025-03-16,04:00:00
2025-03-16T05:00:00,17.8,83.68,3/16/2025,5:00:00,2025-03-16,05:00:00
2025-03-16T06:00:00,18,82.63,3/16/2025,6:00:00,2025-03-16,06:00:00
2025-03-16T07:00:00,18,82.63,3/16/2025,7:00:00,2025-03-16,07:00:00
2025-03-16T08:00:00,18.9,84.07,3/16/2025,8:00:00,2025-03-16,08:00:00
2025-03-16T09:00:00,21,73.11,3/16/2025,9:00:00,2025-03-16,09:00:00
2025-03-16T10:00:00,23,60.7,3/16/2025,10:00:00,2025-03-16,10:00:00
2025-03-16T11:00:00,26.8,45.8,3/16/2025,11:00:00,2025-03-16,11:00:00
2025-03-16T12:00:00,29,35.01,3/16/2025,12:00:00,2025-03-16,12:00:00
2025-03-16T13:00:00,32,25.82,3/16/2025,13:00:00,2025-03-16,13:00:00
2025-03-16T14:00:00,32.8,23.31,3/16/2025,14:00:00,2025-03-16,14:00:00
2025-03-16T15:00:00,34,18.2,3/16/2025,15:00:00,2025-03-16,15:00:00
2025-03-16T16:00:00,35,13.48,3/16/2025,16:00:00,2025-03-16,16:00:00
2025-03-16T17:00:00,34,15.08,3/16/2025,17:00:00,2025-03-16,17:00:00
2025-03-16T18:00:00,33,16.18,3/16/2025,18:00:00,2025-03-16,18:00:00
2025-03-16T19:00:00,31,16.88,3/16/2025,19:00:00,2025-03-16,19:00:00
2025-03-16T20:00:00,28.9,37.11,3/16/2025,20:00:00,2025-03-16,20:00:00
2025-03-16T21:00:00,26,57.63,3/16/2025,21:00:00,2025-03-16,21:00:00
2025-03-16T22:00:00,24,69.16,3/16/2025,22:00:00,2025-03-16,22:00:00
2025-03-16T23:00:00,23,72.54,3/16/2025,23:00:00,2025-03-16,23:00:00
2025-03-17T00:00:00,23,60.7,3/17/2025,0:00:00,2025-03-17,00:00:00
2025-03-17T01:00:00,22,60.47,3/17/2025,1:00:00,2025-03-17,01:00:00
2025-03-17T02:00:00,21.8,60.42,3/17/2025,2:00:00,2025-03-17,02:00:00
2025-03-17T03:00:00,21,60.24,3/17/2025,3:00:00,2025-03-17,03:00:00
2025-03-17T04:00:00,20,64.07,3/17/2025,4:00:00,2025-03-17,04:00:00
2025-03-17T05:00:00,20,60.59,3/17/2025,5:00:00,2025-03-17,05:00:00
2025-03-17T06:00:00,20,42.88,3/17/2025,6:00:00,2025-03-17,06:00:00
2025-03-17T07:00:00,22,40.6,3/17/2025,7:00:00,2025-03-17,07:00:00
2025-03-17T08:00:00,24.1,35.65,3/17/2025,8:00:00,2025-03-17,08:00:00
2025-03-17T09:00:00,26,41.73,3/17/2025,9:00:00,2025-03-17,09:00:00
2025-03-17T10:00:00,27,42.01,3/17/2025,10:00:00,2025-03-17,10:00:00
2025-03-17T11:00:00,29.9,35.61,3/17/2025,11:00:00,2025-03-17,11:00:00
2025-03-17T12:00:00,32,24.14,3/17/2025,12:00:00,2025-03-17,12:00:00
2025-03-17T13:00:00,33,16.18,3/17/2025,13:00:00,2025-03-17,13:00:00
2025-03-17T14:00:00,34,13.15,3/17/2025,14:00:00,2025-03-17,14:00:00
2025-03-17T15:00:00,34,14.25,3/17/2025,15:00:00,2025-03-17,15:00:00
2025-03-17T16:00:00,34,16.4,3/17/2025,16:00:00,2025-03-17,16:00:00
2025-03-17T17:00:00,33,21.18,3/17/2025,17:00:00,2025-03-17,17:00:00
2025-03-17T18:00:00,32,22.56,3/17/2025,18:00:00,2025-03-17,18:00:00
2025-03-17T19:00:00,30,28.94,3/17/2025,19:00:00,2025-03-17,19:00:00
2025-03-17T20:00:00,29.1,30.39,3/17/2025,20:00:00,2025-03-17,20:00:00
2025-03-17T21:00:00,27,42.01,3/17/2025,21:00:00,2025-03-17,21:00:00
2025-03-17T22:00:00,24.5,55.47,3/17/2025,22:00:00,2025-03-17,22:00:00
2025-03-17T23:00:00,24.9,51.26,3/17/2025,23:00:00,2025-03-17,23:00:00
2025-03-18T00:00:00,24,53.58,3/18/2025,0:00:00,2025-03-18,00:00:00
2025-03-18T01:00:00,23,60.7,3/18/2025,1:00:00,2025-03-18,01:00:00
2025-03-18T02:00:00,21.8,54.05,3/18/2025,2:00:00,2025-03-18,02:00:00
2025-03-18T03:00:00,21,60.24,3/18/2025,3:00:00,2025-03-18,03:00:00
2025-03-18T04:00:00,20,72.94,3/18/2025,4:00:00,2025-03-18,04:00:00
2025-03-18T05:00:00,18.9,83.54,3/18/2025,5:00:00,2025-03-18,05:00:00
2025-03-18T06:00:00,18,93.88,3/18/2025,6:00:00,2025-03-18,06:00:00
2025-03-18T07:00:00,18,93.88,3/18/2025,7:00:00,2025-03-18,07:00:00
2025-03-18T08:00:00,18.8,84.06,3/18/2025,8:00:00,2025-03-18,08:00:00
2025-03-18T09:00:00,19,77.62,3/18/2025,9:00:00,2025-03-18,09:00:00
2025-03-18T10:00:00,21,64.29,3/18/2025,10:00:00,2025-03-18,10:00:00
2025-03-18T11:00:00,22,56.49,3/18/2025,11:00:00,2025-03-18,11:00:00
2025-03-18T12:00:00,24,50.2,3/18/2025,12:00:00,2025-03-18,12:00:00
2025-03-18T13:00:00,25,44.28,3/18/2025,13:00:00,2025-03-18,13:00:00
2025-03-18T14:00:00,26.8,35.21,3/18/2025,14:00:00,2025-03-18,14:00:00
2025-03-18T15:00:00,27,34.45,3/18/2025,15:00:00,2025-03-18,15:00:00
2025-03-18T16:00:00,27,34.45,3/18/2025,16:00:00,2025-03-18,16:00:00
2025-03-18T17:00:00,25.8,39.92,3/18/2025,17:00:00,2025-03-18,17:00:00
2025-03-18T18:00:00,25,41.45,3/18/2025,18:00:00,2025-03-18,18:00:00
2025-03-18T19:00:00,23,53.32,3/18/2025,19:00:00,2025-03-18,19:00:00
2025-03-18T20:00:00,21,63.68,3/18/2025,20:00:00,2025-03-18,20:00:00
2025-03-18T21:00:00,20,68.38,3/18/2025,21:00:00,2025-03-18,21:00:00
2025-03-18T22:00:00,19,68.18,3/18/2025,22:00:00,2025-03-18,22:00:00
2025-03-18T23:00:00,18,71.88,3/18/2025,23:00:00,2025-03-18,23:00:00
2025-03-19T00:00:00,17,72.4,3/19/2025,0:00:00,2025-03-19,00:00:00
2025-03-19T01:00:00,17,72.4,3/19/2025,1:00:00,2025-03-19,01:00:00
2025-03-19T02:00:00,16.8,72.37,3/19/2025,2:00:00,2025-03-19,02:00:00
2025-03-19T03:00:00,16,72.22,3/19/2025,3:00:00,2025-03-19,03:00:00
2025-03-19T04:00:00,16,72.22,3/19/2025,4:00:00,2025-03-19,04:00:00
2025-03-19T05:00:00,16,72.23,3/19/2025,5:00:00,2025-03-19,05:00:00
2025-03-19T06:00:00,16,72.22,3/19/2025,6:00:00,2025-03-19,06:00:00
2025-03-19T07:00:00,16,77.16,3/19/2025,7:00:00,2025-03-19,07:00:00
2025-03-19T08:00:00,16.8,73.07,3/19/2025,8:00:00,2025-03-19,08:00:00
2025-03-19T09:00:00,17,67.77,3/19/2025,9:00:00,2025-03-19,09:00:00
2025-03-19T10:00:00,19,55.91,3/19/2025,10:00:00,2025-03-19,10:00:00
2025-03-19T11:00:00,19.8,46.64,3/19/2025,11:00:00,2025-03-19,11:00:00
2025-03-19T12:00:00,21,43.17,3/19/2025,12:00:00,2025-03-19,12:00:00
2025-03-19T13:00:00,22,43.45,3/19/2025,13:00:00,2025-03-19,13:00:00
2025-03-19T14:00:00,23.1,39.01,3/19/2025,14:00:00,2025-03-19,14:00:00
2025-03-19T15:00:00,23.5,39.66,3/19/2025,15:00:00,2025-03-19,15:00:00
2025-03-19T16:00:00,23,43.73,3/19/2025,16:00:00,2025-03-19,16:00:00
2025-03-19T17:00:00,22.8,38.15,3/19/2025,17:00:00,2025-03-19,17:00:00
2025-03-19T18:00:00,20,56.16,3/19/2025,18:00:00,2025-03-19,18:00:00
2025-03-19T19:00:00,19.1,58.99,3/19/2025,19:00:00,2025-03-19,19:00:00
2025-03-19T20:00:00,17.8,61.07,3/19/2025,20:00:00,2025-03-19,20:00:00
2025-03-19T21:00:00,17,82.55,3/19/2025,21:00:00,2025-03-19,21:00:00
2025-03-19T22:00:00,15,58.79,3/19/2025,22:00:00,2025-03-19,22:00:00
2025-03-19T23:00:00,14.9,54.48,3/19/2025,23:00:00,2025-03-19,23:00:00
2025-03-20T00:00:00,14,54.62,3/20/2025,0:00:00,2025-03-20,00:00:00
2025-03-20T01:00:00,13.5,57.61,3/20/2025,1:00:00,2025-03-20,01:00:00
2025-03-20T02:00:00,13.9,54.03,3/20/2025,2:00:00,2025-03-20,02:00:00
2025-03-20T03:00:00,13.3,53.29,3/20/2025,3:00:00,2025-03-20,03:00:00
2025-03-20T04:00:00,14,47.47,3/20/2025,4:00:00,2025-03-20,04:00:00
2025-03-20T05:00:00,14,44.21,3/20/2025,5:00:00,2025-03-20,05:00:00
2025-03-20T06:00:00,14,44.21,3/20/2025,6:00:00,2025-03-20,06:00:00
2025-03-20T07:00:00,14.4,51.75,3/20/2025,7:00:00,2025-03-20,07:00:00
2025-03-20T08:00:00,14.1,47.18,3/20/2025,8:00:00,2025-03-20,08:00:00
2025-03-20T09:00:00,15,44.5,3/20/2025,9:00:00,2025-03-20,09:00:00
2025-03-20T10:00:00,16,38.88,3/20/2025,10:00:00,2025-03-20,10:00:00
2025-03-20T11:00:00,16,41.31,3/20/2025,11:00:00,2025-03-20,11:00:00
2025-03-20T12:00:00,18.6,39.62,3/20/2025,12:00:00,2025-03-20,12:00:00
2025-03-20T13:00:00,17,39.17,3/20/2025,13:00:00,2025-03-20,13:00:00
2025-03-20T14:00:00,16.9,37.23,3/20/2025,14:00:00,2025-03-20,14:00:00
2025-03-20T15:00:00,18.1,39.2,3/20/2025,15:00:00,2025-03-20,15:00:00
2025-03-20T16:00:00,17,39.17,3/20/2025,16:00:00,2025-03-20,16:00:00
2025-03-20T17:00:00,16.2,38.67,3/20/2025,17:00:00,2025-03-20,17:00:00
2025-03-20T18:00:00,15,44.5,3/20/2025,18:00:00,2025-03-20,18:00:00
2025-03-20T19:00:00,14.6,48.64,3/20/2025,19:00:00,2025-03-20,19:00:00
2025-03-20T20:00:00,13.9,44.66,3/20/2025,20:00:00,2025-03-20,20:00:00
2025-03-20T21:00:00,13.6,53.37,3/20/2025,21:00:00,2025-03-20,21:00:00
2025-03-20T22:00:00,13,54.36,3/20/2025,22:00:00,2025-03-20,22:00:00
2025-03-20T23:00:00,13.2,52.16,3/20/2025,23:00:00,2025-03-20,23:00:00
2025-03-21T00:00:00,13.1,54.38,3/21/2025,0:00:00,2025-03-21,00:00:00
2025-03-21T01:00:00,13,54.36,3/21/2025,1:00:00,2025-03-21,01:00:00
2025-03-21T02:00:00,12.9,53.96,3/21/2025,2:00:00,2025-03-21,02:00:00
2025-03-21T03:00:00,13,50.66,3/21/2025,3:00:00,2025-03-21,03:00:00
2025-03-21T04:00:00,13,54.36,3/21/2025,4:00:00,2025-03-21,04:00:00
2025-03-21T05:00:00,13.1,52.87,3/21/2025,5:00:00,2025-03-21,05:00:00
2025-03-21T06:00:00,13,47.19,3/21/2025,6:00:00,2025-03-21,06:00:00
2025-03-21T07:00:00,12.4,57.73,3/21/2025,7:00:00,2025-03-21,07:00:00
2025-03-21T08:00:00,13.9,48.29,3/21/2025,8:00:00,2025-03-21,08:00:00
2025-03-21T09:00:00,14.6,51.8,3/21/2025,9:00:00,2025-03-21,09:00:00
2025-03-21T10:00:00,15,47.75,3/21/2025,10:00:00,2025-03-21,10:00:00
2025-03-21T11:00:00,16.8,39.51,3/21/2025,11:00:00,2025-03-21,11:00:00
2025-03-21T12:00:00,17,39.17,3/21/2025,12:00:00,2025-03-21,12:00:00
2025-03-21T13:00:00,18.3,40.65,3/21/2025,13:00:00,2025-03-21,13:00:00
2025-03-21T14:00:00,17.9,34.59,3/21/2025,14:00:00,2025-03-21,14:00:00
2025-03-21T15:00:00,17.8,41.37,3/21/2025,15:00:00,2025-03-21,15:00:00
2025-03-21T16:00:00,17,43.51,3/21/2025,16:00:00,2025-03-21,16:00:00
2025-03-21T17:00:00,17,45.07,3/21/2025,17:00:00,2025-03-21,17:00:00
2025-03-21T18:00:00,16.6,45.58,3/21/2025,18:00:00,2025-03-21,18:00:00
2025-03-21T19:00:00,14.9,51.17,3/21/2025,19:00:00,2025-03-21,19:00:00
2025-03-21T20:00:00,14.9,50.46,3/21/2025,20:00:00,2025-03-21,20:00:00
2025-03-21T21:00:00,14,58.55,3/21/2025,21:00:00,2025-03-21,21:00:00
2025-03-21T22:00:00,12.9,62.02,3/21/2025,22:00:00,2025-03-21,22:00:00
2025-03-21T23:00:00,14.2,52.79,3/21/2025,23:00:00,2025-03-21,23:00:00
2025-03-22T00:00:00,14,54.62,3/22/2025,0:00:00,2025-03-22,00:00:00
2025-03-22T01:00:00,11.4,69.41,3/22/2025,1:00:00,2025-03-22,01:00:00
2025-03-22T02:00:00,13,58.31,3/22/2025,2:00:00,2025-03-22,02:00:00
2025-03-22T03:00:00,13,58.3,3/22/2025,3:00:00,2025-03-22,03:00:00
2025-03-22T04:00:00,11.2,71.31,3/22/2025,4:00:00,2025-03-22,04:00:00
2025-03-22T05:00:00,13.2,59.15,3/22/2025,5:00:00,2025-03-22,05:00:00
2025-03-22T06:00:00,13,62.48,3/22/2025,6:00:00,2025-03-22,06:00:00
2025-03-22T07:00:00,13.2,65.6,3/22/2025,7:00:00,2025-03-22,07:00:00
2025-03-22T08:00:00,14,61.86,3/22/2025,8:00:00,2025-03-22,08:00:00
2025-03-22T09:00:00,14.2,61.05,3/22/2025,9:00:00,2025-03-22,09:00:00
2025-03-22T10:00:00,16,48.03,3/22/2025,10:00:00,2025-03-22,10:00:00
2025-03-22T11:00:00,16.4,41.84,3/22/2025,11:00:00,2025-03-22,11:00:00
2025-03-22T12:00:00,18.3,39.25,3/22/2025,12:00:00,2025-03-22,12:00:00
2025-03-22T13:00:00,18,39.44,3/22/2025,13:00:00,2025-03-22,13:00:00
2025-03-22T14:00:00,18.1,35.76,3/22/2025,14:00:00,2025-03-22,14:00:00
2025-03-22T15:00:00,19,32.17,3/22/2025,15:00:00,2025-03-22,15:00:00
2025-03-22T16:00:00,18.2,37.34,3/22/2025,16:00:00,2025-03-22,16:00:00
2025-03-22T17:00:00,17.9,34.95,3/22/2025,17:00:00,2025-03-22,17:00:00
2025-03-22T18:00:00,18,36.77,3/22/2025,18:00:00,2025-03-22,18:00:00
2025-03-22T19:00:00,15.1,50.87,3/22/2025,19:00:00,2025-03-22,19:00:00
2025-03-22T20:00:00,16.1,50.09,3/22/2025,20:00:00,2025-03-22,20:00:00
2025-03-22T21:00:00,15,54.89,3/22/2025,21:00:00,2025-03-22,21:00:00
2025-03-22T22:00:00,15,54.89,3/22/2025,22:00:00,2025-03-22,22:00:00
2025-03-22T23:00:00,14.1,54.29,3/22/2025,23:00:00,2025-03-22,23:00:00
2025-03-23T00:00:00,14,54.62,3/23/2025,0:00:00,2025-03-23,00:00:00
2025-03-23T01:00:00,10.3,64.06,3/23/2025,1:00:00,2025-03-23,01:00:00
2025-03-23T02:00:00,12.8,55.66,3/23/2025,2:00:00,2025-03-23,02:00:00
2025-03-23T03:00:00,12,58.05,3/23/2025,3:00:00,2025-03-23,03:00:00
2025-03-23T04:00:00,12,62.25,3/23/2025,4:00:00,2025-03-23,04:00:00
2025-03-23T05:00:00,11,61.38,3/23/2025,5:00:00,2025-03-23,05:00:00
2025-03-23T06:00:00,11,62.02,3/23/2025,6:00:00,2025-03-23,06:00:00
2025-03-23T07:00:00,12,62.25,3/23/2025,7:00:00,2025-03-23,07:00:00
2025-03-23T08:00:00,13.8,58.3,3/23/2025,8:00:00,2025-03-23,08:00:00
2025-03-23T09:00:00,14.6,53.64,3/23/2025,9:00:00,2025-03-23,09:00:00
2025-03-23T10:00:00,17.7,44.94,3/23/2025,10:00:00,2025-03-23,10:00:00
2025-03-23T11:00:00,17.7,43.71,3/23/2025,11:00:00,2025-03-23,11:00:00
2025-03-23T12:00:00,19,42.6,3/23/2025,12:00:00,2025-03-23,12:00:00
2025-03-23T13:00:00,21.3,37.97,3/23/2025,13:00:00,2025-03-23,13:00:00
2025-03-23T14:00:00,20.8,35.06,3/23/2025,14:00:00,2025-03-23,14:00:00
2025-03-23T15:00:00,21,32.75,3/23/2025,15:00:00,2025-03-23,15:00:00
2025-03-23T16:00:00,21,35.12,3/23/2025,16:00:00,2025-03-23,16:00:00
2025-03-23T17:00:00,20.7,36.77,3/23/2025,17:00:00,2025-03-23,17:00:00
2025-03-23T18:00:00,19,42.6,3/23/2025,18:00:00,2025-03-23,18:00:00
2025-03-23T19:00:00,18.3,43.58,3/23/2025,19:00:00,2025-03-23,19:00:00
2025-03-23T20:00:00,17.2,49.02,3/23/2025,20:00:00,2025-03-23,20:00:00
2025-03-23T21:00:00,16,55.14,3/23/2025,21:00:00,2025-03-23,21:00:00
2025-03-23T22:00:00,16,55.14,3/23/2025,22:00:00,2025-03-23,22:00:00
2025-03-23T23:00:00,15.2,57.63,3/23/2025,23:00:00,2025-03-23,23:00:00
